,Hm0,Tm01,Label
0,0.7249855388612192,4.187741547215195,0
1,0.6251137661058624,3.310615380889881,0
2,0.4964535883758464,3.3236384639062337,0
3,0.335931561555542,3.641404557921068,0
4,0.4403132199554103,2.7831057860522237,0
5,0.5770675825897106,3.079725922629133,0
6,0.3600343694737805,3.142565044454468,0
7,0.5940993658345443,4.149258527655413,0
8,0.39231495971714675,3.561474172845493,0
9,0.5673449636157497,3.2829210911199342,0
10,0.5801246581114335,3.0197809539694034,0
11,0.5139329865701883,3.2629338013514744,0
12,0.7879189746503981,3.240312274517555,0
13,0.43641313696022105,3.5228977476771313,0
14,0.44459033629502787,3.883476343757041,0
15,0.328853242958109,3.627675664760166,0
16,0.5511152463145762,2.945565312221957,0
17,0.6196110546912813,3.832991742860216,0
18,0.5295691378219066,3.4712254719603592,0
19,0.42873060545410613,2.8905061581515703,0
20,0.6911872140426216,3.309089057245788,0
21,0.35866338085553806,3.6834898823858726,0
22,0.5341032401491743,3.6608597805891243,0
23,0.6267450064240366,3.2208487645229833,0
24,0.7268928309999688,3.9507133934481184,0
25,0.5034104680992022,3.160698901318121,0
26,0.7082555774513762,3.64987639726097,0
27,0.5317026308436217,3.3139793650398963,0
28,0.38076859432430865,3.055201194855258,0
29,0.7736219590034771,3.8525350528887126,0
30,0.6978310809911725,3.4764717064194204,0
31,0.5021714120687434,3.6796680612743007,0
32,0.7811943242785699,3.6569966962737075,0
33,0.7708034836171,3.486204212786166,0
34,0.5861594851716251,2.3846696272795294,0
35,0.5368746471699718,3.558215905957071,0
36,0.32122166769630306,3.577694719730384,0
37,0.6100846821118676,3.4197664644655292,0
38,0.5571405989543784,4.157538748392738,0
39,0.47986788644025674,3.1758783321580415,0
40,0.6458694957504527,3.9073188673812953,0
41,0.6192767291539641,3.285038978569681,0
42,0.6992427411619075,3.5494175150675935,0
43,0.5058147284270446,3.2197709236997403,0
44,0.3714015896825043,3.3645643910643708,0
45,0.6157157893774204,3.6421762766011048,0
46,0.5422635242818726,3.5223778938354893,0
47,0.4691641045170195,2.9145224899990376,0
48,0.45762994323650014,3.378932380597129,0
49,0.6181110738610971,3.4443449871789245,0
50,0.6598700314509273,4.325646105318984,0
51,0.571495922752959,3.6290873873611207,0
52,0.5020603730023536,2.694350813333517,0
53,0.8889892648960047,3.518149615494251,0
54,0.6039310720173072,3.432064768757208,0
55,0.42149375854182514,3.5149379791260476,0
56,0.7078528111594174,4.0005703516525415,0
57,0.48330371634672803,3.866728959562211,0
58,0.4416018420596667,4.134434216720196,0
59,0.8724086297211229,3.7470374249109373,0
60,0.4652983655759564,3.0983990732259765,0
61,0.5111789818902517,3.5657402896193937,0
62,0.5269929203254742,2.8513875405733495,0
63,0.5957159429786443,3.056841346996806,0
64,0.7382449906394588,3.1070493996443913,0
65,0.5037112829977138,3.1848557892727296,0
66,0.44299614434671425,3.87970456514348,0
67,0.7470333288102919,3.6018882643010253,0
68,0.539855267938594,2.825796332054303,0
69,0.6810174215441812,3.6212370381064725,0
70,0.36035311400540543,3.000415508722811,0
71,0.6281484649065923,3.7387443584193165,0
72,0.6250457586719343,3.6217068090163025,0
73,0.5781429223275357,3.22343908582907,0
74,0.4909423247019014,3.650951098295499,0
75,0.6974094252903279,4.313790480423092,0
76,0.6146215162413281,2.9995735851894203,0
77,0.6388259054510976,3.091214631040443,0
78,0.5074029960014987,4.023597962631462,0
79,0.6582750811430889,3.927044275158057,0
80,0.8430415714651244,3.8510399966147664,0
81,0.46721319570715275,3.420210410297715,0
82,0.4369154072557838,3.144344587321243,0
83,0.6129947734790187,3.4811333097461685,0
84,0.6873985471436452,3.6279833909703214,0
85,0.7582977676079575,3.508313420951347,0
86,0.9105472893472293,3.3760276793136805,0
87,0.4842378172149797,3.795202102476669,0
88,0.5965526999424334,3.053062598191445,0
89,0.6555672428536948,3.414449832864178,0
90,0.5791912445526075,3.7216598709036326,0
91,0.34905410072979204,3.1699097570612578,0
92,0.666022942076037,3.3172270219338826,0
93,0.4202830691699727,3.622540645069447,0
94,0.6273293972596642,3.588116904326417,0
95,0.5610290466029823,3.1367505202313484,0
96,0.42800568409919715,3.554560697144001,0
97,0.6561655452003359,3.665550010446764,0
98,0.7443597077190478,3.9717913526108193,0
99,0.40437186921489854,2.9360530514675336,0
100,0.6556182534296949,3.7335384937932163,0
101,1.0823724496084042,3.699027811400295,0
102,0.7370277909750054,3.7510881844698494,0
103,0.6884466132164521,3.9205534813896645,0
104,0.6581272218426801,3.374574729035637,0
105,0.5149683217016844,3.1884511153587227,0
106,0.5656813970764781,3.3085568505499383,0
107,0.41377671124711285,4.530686178280213,0
108,0.38977298025599083,3.829023620426504,0
109,0.69486313225007,3.303912188144489,0
110,0.43655301433713284,3.556492694220953,0
111,0.6340935008042018,3.203670314147076,0
112,0.5743762659261924,3.201991828256666,0
113,0.4903693870177229,3.5440565100582972,0
114,0.7275282155601761,4.4315469318806935,0
115,0.5255868281328021,2.646486675155724,0
116,0.6580418956759261,3.2248572741389294,0
117,0.5298879301819189,3.178734301590366,0
118,0.7002549072375935,3.725586694123238,0
119,0.4876416324563192,3.005958080984216,0
120,0.4720760843990122,3.320629232975548,0
121,0.6851263721713182,4.2714372098421025,0
122,0.6456037500056611,2.9670031658453224,0
123,0.777710309890812,4.418073996519273,0
124,0.45742591824830414,2.8705355356477886,0
125,0.525607986590711,4.068926901079011,0
126,0.6864848836234838,3.700270803044588,0
127,0.5322778109314554,3.120464785817807,0
128,0.32860418358641724,2.1369513298735776,0
129,0.40381929192694754,3.422235359888228,0
130,0.44595832203930075,4.233295565507165,0
131,0.5735005381700217,3.32750605162493,0
132,0.43859084131349135,4.151303877293536,0
133,0.6137616777065175,4.016969462328571,0
134,0.5970527296386665,3.0916434366228143,0
135,0.5022658481138633,3.6094138818499784,0
136,0.5252450197220316,3.551705242968362,0
137,0.6606376475680039,3.559643274072369,0
138,0.4689288587205661,4.21139140903455,0
139,0.39662943565511094,4.453595817070139,0
140,0.6419921900387319,3.4465185322550953,0
141,0.5022370017955813,3.6448177506014985,0
142,0.5018318794561666,3.4335124012510625,0
143,0.6601945109740549,3.255975391164342,0
144,0.4959029227455205,3.6781786007048094,0
145,0.6425790948983265,3.9007571089417166,0
146,0.680764777085945,3.860190686683146,0
147,0.47168885259818405,3.167681536535897,0
148,0.6760267844753196,3.832242827756118,0
149,0.5863388077432278,3.5075723946156683,0
150,0.5408199604114098,4.072343066545863,0
151,0.5652215509341725,3.7547033237377927,0
152,0.7049466067658896,3.412954136287614,0
153,0.7047026363659769,3.8636790582201677,0
154,0.6200794736366014,4.077950456504582,0
155,0.5560906782491505,3.8137107010311966,0
156,0.5666901223773834,3.6582597370139966,0
157,0.6515040610008723,3.553243387184723,0
158,0.8110901842137859,3.1448860310380327,0
159,0.3819533217866508,3.0984509451389606,0
160,0.7134614972009306,4.006722436180016,0
161,0.6740476288561325,3.7791815472928834,0
162,0.45696465588655466,3.521775832250944,0
163,0.48815204371958154,3.5572989068978074,0
164,0.5871293586175085,3.937872786397827,0
165,0.5023309351232373,3.166714540358095,0
166,0.5143555842568219,3.700846506652796,0
167,0.5746672230893534,3.162279804305833,0
168,0.5157811321969045,3.6281563614985277,0
169,0.585372878611965,3.313153895803877,0
170,0.34190209680033334,2.9106804866826415,0
171,0.5198435549715538,3.211553931777312,0
172,0.7714301474568402,3.6359713802733005,0
173,0.5814047971623144,3.887583221485118,0
174,0.44327432566722547,3.5199581507271414,0
175,0.5345322801407283,3.5127945402570884,0
176,0.477544397357191,3.664844311547913,0
177,0.7860012747020892,3.7248558818646766,0
178,0.619635792062124,3.466917093954566,0
179,0.5447501903469061,3.818167128550221,0
180,0.5814587146261366,3.613824984079411,0
181,0.4766609904869211,3.5676786384594945,0
182,0.6365694085308448,3.5231313972256952,0
183,0.7450577333960335,4.130781515004163,0
184,0.5487517731268267,4.449998187383505,0
185,0.6257888345336907,3.8903282042644083,0
186,0.544789284110942,4.466141776565131,0
187,0.4663047454069302,3.163482118996284,0
188,0.4311299794929551,2.6114567860414217,0
189,0.5649337061312719,3.190326220806965,0
190,0.8237296961495814,3.6450704595633217,0
191,0.5313328622768495,3.9317149415065606,0
192,0.6037485211619983,3.1270054118109907,0
193,0.7603108139623749,2.932081783180611,0
194,0.5530531146653067,4.028912344452667,0
195,0.6856285324146935,2.7683559567797102,0
196,0.7262984340529952,3.4557928658734727,0
197,0.4401036455516474,2.839505381022323,0
198,0.5782554819374189,3.5195231259168014,0
199,0.6360495688294391,3.3181171595598924,0
200,0.5168033978587669,3.0609265600676685,0
201,0.6419963565461121,3.564079774478452,0
202,0.4530344619612924,3.834862347672674,0
203,0.6821054861616469,2.8459926362942936,0
204,0.4879419476148962,3.668149389417078,0
205,0.6407091979696283,4.1824332264962525,0
206,0.6216435331168971,4.023302963666632,0
207,0.8679696243918681,4.3842402892911,0
208,0.6876021586375598,3.400840119200165,0
209,0.7694022958477762,3.7806536471322354,0
210,0.6262515690730277,3.0964480092435362,0
211,0.3840310925948066,3.9902940599283307,0
212,0.27034992481363973,3.030894512591974,0
213,0.6544247434123024,3.39469057540115,0
214,0.6337006802398375,4.161916599308989,0
215,0.4522221826132181,4.231148857612637,0
216,0.5058278214308787,2.7871120261084004,0
217,0.5812247758645359,3.682965576753818,0
218,0.48889677391125197,2.631177261584555,0
219,0.6123691417337471,2.9508586009523756,0
220,0.4646701437025148,3.6848452723116614,0
221,0.41884827579593487,3.3081169373325716,0
222,0.6919702085986505,3.480977517279583,0
223,0.6022670813537121,3.0893994310822777,0
224,0.4523204450466938,3.298327544362215,0
225,0.4360374043896753,3.4825140172811513,0
226,0.3997442096264967,3.292472770295504,0
227,0.6447910235550081,4.360801203682967,0
228,0.5751233221004135,3.215170928521648,0
229,0.539926430222334,3.4718223876473235,0
230,0.690210399255059,3.773573718879062,0
231,0.4800539409098056,3.2959792232745118,0
232,0.26830829872057116,3.4234807746826394,0
233,0.6941629049230313,2.853193789517179,0
234,0.5973524624778039,4.226476164213763,0
235,0.6318679936260397,3.762041930835411,0
236,0.8220613118980657,4.827871741139744,0
237,0.4454989730072867,3.472723734794361,0
238,0.5422979210807837,2.8260468028104495,0
239,0.36402874081684194,3.207777513986517,0
240,0.41138613947628133,3.251380425799758,0
241,0.7433294745008413,4.232892139192234,0
242,0.7609450275447773,3.4990365608446115,0
243,0.46467346870061665,3.5598735336079024,0
244,0.6938301857240945,4.166026388972822,0
245,0.5117282818273219,3.074461259034165,0
246,0.364930428329015,3.1561710687174607,0
247,0.8482699640644493,3.8956045222078677,0
248,0.595464210308323,2.911567658306603,0
249,0.4872185534556319,3.243488626625233,0
250,0.4410734249186365,3.272389138370013,0
251,0.46754894115091705,3.5471767913569665,0
252,0.5750380560595314,3.63437755520817,0
253,0.4477759576834668,3.4245651491042444,0
254,0.6485905742551618,3.2623553332853747,0
255,0.4645183556179334,3.7428945407071694,0
256,0.6715530941667464,3.5526313074754725,0
257,0.5835544868547746,2.7955064303772525,0
258,0.6219912715054039,3.2274112819489162,0
259,0.3148847871040608,3.2087672862615433,0
260,0.5217063686390467,2.818596972436291,0
261,0.4655047836700317,3.638598525901995,0
262,0.3818802492535127,3.8090655496940253,0
263,0.41499338171711675,3.5019101260003778,0
264,0.5554951352894714,3.237450681322107,0
265,0.493044868306603,3.152378902563599,0
266,0.533274136850016,3.955697988224547,0
267,0.45669508588396757,3.8881779943372594,0
268,0.7747118036359584,3.730287562161606,0
269,0.38440146964353594,2.4649797154906494,0
270,0.5661532840918154,3.767579556473197,0
271,0.5077590413280482,3.683325179682711,0
272,0.5551779270089949,3.5565379459805184,0
273,0.6451318949724957,4.0164277218323745,0
274,0.5311479546118899,3.6669400086331807,0
275,0.49985345262172043,3.3129120174909166,0
276,0.5319577260194436,3.691438233606142,0
277,0.8473886822352023,3.6206967301904505,0
278,0.5606448240460465,3.895080334662598,0
279,0.5616183841256436,4.0376276813215135,0
280,0.3724607363165011,2.6532622890247395,0
281,0.4621877067774635,2.7183067893958817,0
282,0.7869752996107064,3.508334345326988,0
283,0.5554162465656451,3.660364564156248,0
284,0.31825843150913,3.896658499841068,0
285,0.6787743183693272,3.6109325579725593,0
286,0.6669166171234526,2.871213815451215,0
287,0.5307430289741578,3.6673589317837547,0
288,0.8842583317326161,3.765922350395848,0
289,0.6101084815876928,3.5932625258215247,0
290,0.4475003902830784,3.3293506911994535,0
291,0.49148113180267927,3.883050118509848,0
292,0.513503716833669,3.5534171451805934,0
293,0.6313446122535593,3.719922795955199,0
294,0.5429064526892308,3.968420292628907,0
295,0.43760203176883256,3.4120250236004344,0
296,0.6048660753221525,3.3231333698903223,0
297,0.48048858195240857,3.852247089084651,0
298,0.7755268135601272,3.877044353068211,0
299,0.8262982637348042,3.6758339910944513,0
300,0.3861223742540977,3.1984557048633477,0
301,0.701522527976658,2.7387319400042247,0
302,0.5876840044473833,3.7992353980619598,0
303,0.43793947323035953,3.6495760345070853,0
304,0.6735010670858319,4.5663228636645385,0
305,0.6686278832434465,3.557215734737072,0
306,0.6173842335142284,3.7219287896617925,0
307,0.6048823628413076,3.1735528871756706,0
308,0.8093719930260326,4.311756253312955,0
309,0.5620451998596776,4.206958078925104,0
310,0.5216328076231521,3.0942452090710977,0
311,0.7138531990871269,3.5303680253359886,0
312,0.7087997535613754,2.775412980674974,0
313,0.5120226895097298,3.454341746529117,0
314,0.3254197831799648,3.100393310874856,0
315,0.610020071210907,3.87036666370453,0
316,0.36175616831150426,2.977397203822048,0
317,0.7737295658671651,3.3563603772134347,0
318,0.37093767458242033,3.421860229651326,0
319,0.5286795433543809,3.4150856205527873,0
320,0.47149352559480867,2.360612273244504,0
321,0.6530335398321928,3.411426342458681,0
322,0.780251794407709,4.2998231974818895,0
323,0.421306868280353,3.413769122909611,0
324,0.6689844880603437,4.621825395104619,0
325,0.5694689614631202,3.523986683818893,0
326,0.5604954413306522,3.604282996083577,0
327,0.48225671305822493,3.277151969192999,0
328,0.5014759647120247,3.5093152218167267,0
329,0.5609217607621698,3.2106505028732832,0
330,0.7554427457716391,3.392754998056227,0
331,0.6195337496760017,2.368478625568138,0
332,0.3503308565745557,4.074104833579661,0
333,0.5126964832709379,3.3744902097637213,0
334,0.4237865627363251,2.9215884078468264,0
335,0.7574689743252231,3.022901108487889,0
336,0.7670741498658509,3.906276829988207,0
337,0.45282004174532914,3.839225233673602,0
338,0.6164048891560758,3.2875353443962205,0
339,0.6207655631652709,2.9857579772875162,0
340,0.5158185006316659,3.4184667105715563,0
341,0.6535349964537375,3.818362809275763,0
342,0.7077110888522877,3.3508194828477937,0
343,0.6132576250602851,3.0473168501079484,0
344,0.553097815163836,3.775561410111464,0
345,0.4234861099575933,3.670691899733159,0
346,0.5805184481965464,3.916331163203381,0
347,0.6879947214767139,3.2825216905417434,0
348,0.3675972447194088,3.229960279637043,0
349,0.5954773927940573,2.8432707907189396,0
350,0.7518942295524436,2.9499611066664038,0
351,0.7166099727201092,2.606500001877494,0
352,0.567034310484425,3.60934213817543,0
353,0.6041631823827649,3.27971146573135,0
354,0.7117761615594886,3.4901968724967385,0
355,0.5952449752417084,3.565239169669197,0
356,0.5521659137179942,3.362256725387895,0
357,0.3641774225019191,3.667568178675962,0
358,0.6202571313905384,2.9313316909788827,0
359,0.5544861444853137,3.593008011548508,0
360,0.6171335566125676,3.5220779333692627,0
361,0.45385249729964844,3.2940979476609233,0
362,0.453821782126444,3.6119431505699677,0
363,0.36863449520278196,3.7106108978565393,0
364,0.6682041528502947,3.95466344472442,0
365,0.7065567855240145,3.6175065607970605,0
366,0.7595415759311221,4.222218863524674,0
367,0.3446097823720474,2.74074347710195,0
368,0.5537098356633702,3.2492689046941132,0
369,0.4972838868565063,3.7474783204602344,0
370,0.48200711886740816,3.6057408438143415,0
371,0.3710502405745864,3.2697895297474986,0
372,0.3672540913013861,3.1354094795856144,0
373,0.6728534588912949,3.087947605849379,0
374,0.8755529238842297,3.0829923274135482,0
375,0.6128208411134972,3.727616250881491,0
376,0.6317739067055809,3.142046627273276,0
377,0.5676768565128719,3.269389435298982,0
378,0.648677301799117,4.61773182607716,0
379,0.522097866365108,4.018381444572011,0
380,0.7971816804574041,3.484432624668527,0
381,0.7819512711423557,3.2298803242652725,0
382,0.5247524958269765,3.8273926510949345,0
383,0.7183290530466344,3.779181122094984,0
384,0.3929661051669424,3.8009174822544374,0
385,0.5151870276319822,3.2081744717473866,0
386,0.6488131454319918,3.479389225395178,0
387,0.40756694142684535,3.6078444284681828,0
388,0.6633087769909509,3.6746554651586765,0
389,0.7296402859062617,3.7468895353885587,0
390,0.6597107641580388,3.870993236486976,0
391,0.35734366004963475,3.5048074030256124,0
392,0.6135298707982879,3.7000353259977112,0
393,0.41831555774120655,3.6475381355340337,0
394,0.6691390075563703,3.0428000743830146,0
395,0.657798678055152,3.4937327974689567,0
396,0.5768551599952042,3.5296065703124118,0
397,0.5386897975698757,3.9258744026592183,0
398,0.5163222574215336,3.5637987907480064,0
399,0.5174675180846862,3.334435335498377,0
400,0.5185919508066749,3.618063346595203,0
401,0.5013279842232587,4.06607077619841,0
402,0.5093781724786254,3.4420840893304847,0
403,0.6474296451132263,4.136877773309454,0
404,0.4180235170306915,3.9760599837942094,0
405,0.6950453078259056,3.6231994029746333,0
406,0.7111057308515079,3.542065979280523,0
407,0.734238575082738,3.2811296572771007,0
408,0.6055116900089381,4.508368750611579,0
409,0.7423593943617307,3.311490353961898,0
410,0.5600842302905442,4.201234091033832,0
411,0.5214647641329198,3.340294896046154,0
412,0.4079757575182794,2.9501148858725763,0
413,0.43907213677035006,3.094642006926252,0
414,0.6007997342839392,3.500447256166694,0
415,0.4983015273956985,4.193669720421768,0
416,0.5788943016317997,3.942515160341693,0
417,0.656600722329433,3.48954836562557,0
418,0.5819640775044925,3.031847852405447,0
419,0.6407886588417413,3.5841209463825683,0
420,0.8959229261122634,3.6165093267151778,0
421,0.48205926390637976,3.2494809053987233,0
422,0.47943732365918346,3.2560011530771007,0
423,0.7019080539822474,3.2318519117931164,0
424,0.5484410112915761,4.133445193089248,0
425,0.6034215037957277,3.155574904207633,0
426,0.6337912377120046,3.274159217730422,0
427,0.38538558656870336,3.6205364826313424,0
428,0.8553309103756097,4.16349882658142,0
429,0.5012402907200655,3.258710577453786,0
430,0.6247412571035018,3.637015326521719,0
431,0.8518595446595805,3.7796742866526496,0
432,0.46389406679092465,3.4500510380178793,0
433,0.430758030386055,2.93320605107068,0
434,0.8002827458717238,3.484986140226762,0
435,0.5826998942098269,3.2932466681479875,0
436,0.7233882451743578,3.4984229530516675,0
437,0.5919529315336874,4.60799523650689,0
438,0.6885306538074313,3.296859627348169,0
439,0.8317734266529286,3.7913868058952365,0
440,0.5464212880617432,3.772137877390414,0
441,0.7342807422185749,3.7598502024426215,0
442,0.6653910620382567,3.8647266216841274,0
443,0.7585524521134299,3.9635674000407644,0
444,0.7029695053949703,4.1043785163253865,0
445,0.5850180688744608,3.444501492563742,0
446,0.5095454091909146,4.0441272651976465,0
447,0.5345961049246788,3.6800862331454742,0
448,0.7364669392115067,3.5168813669732195,0
449,0.5846388370332462,3.5993118664465644,0
450,0.6202340117774058,2.9262908364220346,0
451,0.8709675866787245,3.772485771230835,0
452,0.589392549735678,3.3833707578633407,0
453,0.7823431625051375,3.608505280121642,0
454,0.6044221337206491,3.4739654184396955,0
455,0.6170256140144746,3.776783687835887,0
456,0.5813754562365531,3.3241084887231556,0
457,0.47814534904922024,3.989252868248726,0
458,0.487202389419483,3.582075815859898,0
459,0.41888080392112775,4.046507568022594,0
460,0.6008748495536406,3.2739270663370776,0
461,0.6180201087816741,4.190478255577608,0
462,0.7932247359832563,3.259978084427191,0
463,0.24076235506139038,2.9188911454943636,0
464,0.5231780472521198,3.7118350566139884,0
465,0.6271473321049592,3.072045218503967,0
466,0.5084381174769559,3.6282465197774716,0
467,0.6391262660824217,2.9591358147138296,0
468,0.5819679826473175,3.7978983099756247,0
469,0.4994154021461471,4.3215353119099325,0
470,0.43066920122495767,2.8700400673204918,0
471,0.6015874861949702,3.495673345061471,0
472,0.6086896128076247,3.4105617772359507,0
473,0.7131443041352288,2.965578075893438,0
474,0.7120191313409256,3.4709423884668436,0
475,0.6423462536795317,3.660159673253542,0
476,0.6490731330916879,3.7577166627564327,0
477,0.7642643256532855,3.7799228088295167,0
478,0.6695104294056395,3.5947902188301137,0
479,0.7530159015162851,3.464349409653242,0
480,0.7787643645971867,3.208782252445566,0
481,0.38780579543819294,3.515309470278117,0
482,0.4894707147594521,3.5797901548095963,0
483,0.5178434098730551,3.8853717276148685,0
484,0.31507334300047746,3.3457552083731272,0
485,0.24656643896751745,3.348650476191374,0
486,0.6142650632065235,2.8299667437100764,0
487,0.6537298639897169,3.8506842560325483,0
488,0.5323973854301487,3.103152042645849,0
489,0.4238920283851234,3.5281857898154767,0
490,0.7364032071913587,4.15405988498609,0
491,0.5678332252060108,3.422625403650884,0
492,0.3183477779869776,3.6283176107989976,0
493,0.4763217522647548,3.4187005941835187,0
494,0.5013648927480205,3.0906929214611405,0
495,0.7163911108338311,4.282835542987235,0
496,0.625419821116816,3.2666457508827995,0
497,0.7388326446115362,4.108908190943473,0
498,0.4914535537996309,3.550043280377025,0
499,0.6466028059608943,3.813420189927253,0
500,0.6843317601293909,3.895476093961676,0
501,0.5401002954287316,3.973837775309626,0
502,0.6430640411932624,4.081239841570403,0
503,0.5560360095655739,4.415740408192447,0
504,0.6576365358127079,4.260918268874969,0
505,0.4876056802954212,3.243122263241876,0
506,0.6151593908328252,3.3758558370108496,0
507,0.5168964756167359,3.748128712477415,0
508,0.8450287830638655,3.485157463492764,0
509,0.6878159466859237,4.254838929976141,0
510,0.588729582759821,3.5328309346005775,0
511,0.4626460254393026,3.7916989112651094,0
512,0.349869387815833,3.4245212254822732,0
513,0.6686485168988341,3.682444089877416,0
514,0.7564653010704456,3.2940668554283636,0
515,0.3423471294946514,3.0067047139640573,0
516,0.7136923615839372,3.603285137781262,0
517,0.5718842526832629,4.245370004817861,0
518,0.6045987337582761,3.981206893840104,0
519,0.6790165814177973,3.4345184129999176,0
520,0.3932372463260294,3.814079678363202,0
521,0.7997249740180145,4.137333518805401,0
522,0.6009372993904709,3.2451276051299236,0
523,0.6225384518893008,3.727138053405675,0
524,0.4671214034104421,3.2884682286851383,0
525,0.7210691481516013,3.4946650929722933,0
526,0.5435739943452395,3.7549430929663288,0
527,0.23478722446672123,3.8784755004052807,0
528,0.38959942904910727,4.028878633925597,0
529,0.41637879313535053,3.373745328236731,0
530,0.6754838659809899,2.949983100569038,0
531,0.6001172088365557,3.3134032760763907,0
532,0.6314107428187447,3.492684585868831,0
533,0.4107555987196797,3.5639983347313433,0
534,0.5435516339546662,3.9505346759337168,0
535,0.4633065324392934,2.8539812489607987,0
536,0.7328427392165877,4.153207800052341,0
537,0.5153246454233599,3.371700463802461,0
538,0.8263327425369571,3.3582196402032998,0
539,0.6402935957043064,3.677267730873472,0
540,0.6383600492179733,3.9575645585851866,0
541,0.5379791967906014,3.408587147774393,0
542,0.5648253855818505,3.487405922340413,0
543,0.6039713047719091,3.8295741879682907,0
544,0.5871895559236442,3.833096471101758,0
545,0.3194070914306982,3.5721701347949617,0
546,0.6481686604839288,3.9075328278889736,0
547,0.23654653377613033,3.976118617017079,0
548,0.6267359820064975,4.415688436254302,0
549,0.47763349184296433,4.0042232116554075,0
550,0.4587062373143345,3.7916960635644292,0
551,0.7950457014653771,3.230203086378699,0
552,0.593238602391743,3.433654859669782,0
553,0.6656310673990745,3.8861323052718055,0
554,0.6239373332243127,3.578556163363231,0
555,0.6481509561905556,4.550080335315795,0
556,0.7133360620261642,3.5932236091944705,0
557,0.7621680561389805,3.9800619478433794,0
558,0.44815694057977296,3.8037645898599894,0
559,0.48226597566664964,4.230799811889752,0
560,0.4861715722089528,3.655468969201587,0
561,0.6118613389811631,3.486826236914547,0
562,0.6371523830774369,3.6513469398251575,0
563,0.6860634151900264,4.205795794845178,0
564,0.68681256599002,3.402981228652863,0
565,0.45646544161133445,4.041058349822642,0
566,0.6824280374748295,3.7669585759571045,0
567,0.737567775295275,3.3757999033807997,0
568,0.5829089082837526,3.452044503279484,0
569,0.5680509138119485,3.443301288551756,0
570,0.3499519094838028,3.06204037126954,0
571,0.5191790063013442,4.2109947882740215,0
572,0.2624208764358211,3.114438010989322,0
573,0.3807787148153005,3.257144612577515,0
574,0.7581451505317012,4.212195438447689,0
575,0.9536692430168929,6.295989327806378,1
576,0.6470262720072807,8.639586134748352,1
577,0.9715745418496212,3.7523620949717014,1
578,0.5139748949240375,5.308578614300035,1
579,0.9622908771667359,8.698566930483121,1
580,0.7454711013349357,9.20538924588092,1
581,0.7844062877119817,8.09679834288154,1
582,0.7178640662069018,8.32701081024235,1
583,0.6835055973740449,7.40733074642426,1
584,0.6650131176554022,6.202026861314542,1
585,0.6928299575261676,4.883456362707276,1
586,0.5728299628281877,5.872028384852302,1
587,0.84897872658544,7.514512727916081,1
588,0.5053101150609899,8.549726006756819,1
589,0.806195328962174,5.871811436288311,1
590,0.6731146511934891,5.881133057586549,1
591,0.5767912632286262,8.032915942208284,1
592,0.53836663951692,7.408209210085127,1
593,0.7324152913464137,6.416691601190564,1
594,0.7535883953466376,5.024166954196545,1
595,0.7546391844771143,7.233789518759248,1
596,0.8454700410224483,7.576315642086315,1
597,0.6414782483995121,7.436632736742621,1
598,0.7525312808003216,7.43311189225486,1
599,0.6956966155473268,7.329674691772607,1
600,0.620995524651234,6.274783681672111,1
601,0.9015983925961549,5.2923341272393545,1
602,0.6216123598526904,5.513783965333542,1
603,0.7989390592654863,6.252674782723305,1
604,0.8360536399323946,6.847574640636493,1
605,0.7282974431708772,6.315380404434774,1
606,0.9425207068839844,6.089207441474136,1
607,0.7356508498662633,5.593407809694203,1
608,0.733934321877339,8.151333428269432,1
609,0.6779910221054044,7.000744191543815,1
610,0.6743210138384308,7.322470923036487,1
611,0.9365627961153772,8.616004352717374,1
612,0.539226968786547,6.477284679333396,1
613,0.986552214392277,7.138617452543796,1
614,0.8845223922446451,6.133380156136656,1
615,0.615723490247406,9.61678964287087,1
616,0.8730602797667917,8.061076108981018,1
617,0.6710174001419641,6.728478645859597,1
618,0.5799348580082088,6.443529737760599,1
619,0.5565613761909697,6.348473063271276,1
620,0.6032832727384261,7.308431643426934,1
621,0.5120830331438101,7.5884088520895405,1
622,0.7841044873293352,7.726212626755112,1
623,0.7489960306683998,4.461341668108912,1
624,0.5441937459058726,8.984386213148282,1
625,0.7267819482123483,9.610177147969567,1
626,0.6903203334481887,6.270910364387267,1
627,0.6959389509994236,8.045169887357819,1
628,0.5823170052484101,8.017081067886952,1
629,0.5287931221779967,7.498019177181619,1
630,0.5890789015174956,7.104283875449799,1
631,0.8380101715017739,6.228835254584438,1
632,0.7528190186880963,8.793992221018442,1
633,0.6634579455283353,5.7268433031200905,1
634,0.6985558930364725,8.964742177894484,1
635,0.7190241775414481,10.518440009017821,1
636,0.6547104521990943,7.530551329703793,1
637,0.6730275992584482,7.448479835556745,1
638,0.795350669897875,8.256051004180492,1
639,0.5453339497170777,6.156415573457454,1
640,0.7631092888983226,4.682651727449631,1
641,0.453911455936585,5.710206371096177,1
642,0.9730977200071582,7.8082478538751765,1
643,0.7871841285694414,7.2530156732162165,1
644,0.6795293249815337,7.375890806523982,1
645,0.6514384190983814,8.551569294373262,1
646,0.7261540396164768,7.636742572499532,1
647,0.8096494799545171,6.323396467872539,1
648,0.6064665847825842,7.014868789088282,1
649,0.5848684629643535,8.013940133577867,1
650,0.6901765300905712,7.300603961842346,1
651,0.7375134942724025,8.786306743508462,1
652,0.7849598819168309,7.226382036364932,1
653,0.7447306737962237,9.213720033406094,1
654,0.5416082380505236,7.274776532451423,1
655,0.664531662789584,5.765047353421136,1
656,0.6746316754557814,6.404946503805108,1
657,0.7514679343054036,7.340910956556995,1
658,0.7474861803639107,7.162322500792892,1
659,0.46545313636667995,7.350380564713108,1
660,0.681986825711709,5.941782735787907,1
661,0.7689306247499237,5.562552545915706,1
662,0.8191280238189791,9.411493795149903,1
663,0.8631815970390406,6.9621866712879745,1
664,0.6518413936407381,7.469611002021321,1
665,0.6614768991020533,6.39941288215479,1
666,0.7137754859651488,6.715997242116526,1
667,0.6905776332558472,7.486538229522302,1
668,0.8240772901205784,7.875372422475157,1
669,0.5148484038023572,8.593646571749215,1
670,0.8171267484986429,3.6749804759094613,1
671,0.6759666688351283,5.341310056161228,1
672,0.4944646505525174,5.616683259160185,1
673,0.7740442391258774,8.021900704470372,1
674,0.3999680143422598,6.449835351084897,1
675,0.7402252399780134,6.494147954191655,1
676,0.723388587842826,5.1842232521813205,1
677,0.7576662191281751,7.239883757361776,1
678,0.5794627976835163,7.428376752114705,1
679,0.6644069217789227,8.941351455537216,1
680,0.5851015518377883,7.222121917965656,1
681,0.5937364262606782,6.637969762929937,1
682,0.8881040106382063,7.019192655582133,1
683,0.5174772254015301,5.3334147771604625,1
684,0.6565607377591316,9.326955659789597,1
685,0.8151201492352218,6.322046005231469,1
686,0.9043783672791406,6.411639199690229,1
687,0.6306774669579839,8.212787736590348,1
688,0.6061960700876733,10.29029842509609,1
689,0.7200558153240533,8.303381923808054,1
690,0.859959981275584,9.09009025566604,1
691,0.6051885269111626,7.305521572166377,1
692,0.6106375952957426,7.9065876511371105,1
693,0.691995198047734,10.088631892358158,1
694,0.7152332145758276,6.748102862291209,1
695,0.5905688028552711,5.368596721698663,1
696,0.607491422740988,8.946445430663177,1
697,0.7604936831042232,5.791120825038256,1
698,0.7646500236909225,8.92662179399785,1
699,0.5976123796661487,8.659381569985488,1
700,0.8734054369384253,5.265212381764361,1
701,0.6652026149356145,6.8077230493045136,1
702,0.7450128358025896,9.126630064245242,1
703,0.9351557763381297,7.902575156075393,1
704,0.8021377082717349,6.357865737722088,1
705,0.7216613876804875,7.341262724814284,1
706,0.737994962560643,9.407857475332914,1
707,0.8098360715259525,8.017643568628602,1
708,0.5983564885567358,6.748000077593618,1
709,0.47476698353090385,5.792555016587186,1
710,0.5501627799891876,10.148014721887764,1
711,0.6614805213045962,6.950145993460134,1
712,0.7822486978109326,7.69323659957997,1
713,0.6184529557677285,8.469092208316376,1
714,0.7249298247452342,7.026505699512268,1
715,0.8767562680230045,6.912756211211865,1
716,0.7716496298593003,7.950983084059391,1
717,0.82043183634525,8.192666961337512,1
718,0.5420479396369114,7.514465881770373,1
719,0.61409598663673,7.821943058031165,1
720,0.7623022002970428,6.519021599042568,1
721,0.6846195647353108,9.000038429289873,1
722,0.8834268382645306,7.695777090882647,1
723,0.9866062335984301,7.600713957888827,1
724,0.48622379081074807,8.054143457454702,1
725,0.7293166678195452,8.31922531314332,1
726,0.758649209555154,9.072715504886999,1
727,0.5527103780054955,7.0658490819764275,1
728,0.5959023428869932,6.96697398850415,1
729,0.7629421301444929,6.4461272677543855,1
730,0.7240226556284605,9.606415725555728,1
731,0.7510976006886549,5.581854919561591,1
732,0.6128972575924247,8.941162119559191,1
733,0.694103861293157,7.072833916184844,1
734,0.7712813377648363,6.1591480324694,1
735,0.7402181405473889,7.091432933872299,1
736,0.6481127432038938,6.014411301139244,1
737,0.643481718930378,8.275288912316421,1
738,0.6329292113525331,9.68606590738961,1
739,0.796204198686379,7.577136197731404,1
740,0.5010159459329345,5.268072598437339,1
741,0.8469274589846679,5.119231193823002,1
742,0.987554646970288,6.487577710655533,1
743,0.7167022471558354,6.468739440979868,1
744,0.9089147785784638,9.427923390517112,1
745,0.8139825942219538,10.156854240732567,1
746,0.7514244923174206,8.699542467134506,1
747,0.6227057638454321,8.353796337700787,1
748,0.6971452665801277,6.111987045703741,1
749,0.6409623902389061,7.021758189625782,1
750,0.7952786209673663,8.23958935765707,1
751,0.8594238572952932,7.386083727325068,1
752,0.67783766565052,5.657575660060375,1
753,0.4837147324321206,6.253226452189361,1
754,0.6781472235838467,7.144845987299867,1
755,0.7521443185733792,9.38684042596401,1
756,0.9107059976972697,5.823832383341026,1
757,0.7487648484149626,8.976154139794547,1
758,0.5835998276018136,6.942386686749966,1
759,0.8184812617270479,6.738981642775394,1
760,0.8535274330418092,9.908602116779727,1
761,0.5672729073653477,6.573834793677677,1
762,0.4885147277811779,7.457815628027184,1
763,0.6721687849764609,7.714786672279198,1
764,0.5128731466440849,6.605584270449527,1
765,0.6267905672709707,7.981988415672499,1
766,0.3722937268002633,5.61630991274021,1
767,0.8939300782041465,7.223466734820839,1
768,0.6268603967476254,9.59375825371134,1
769,0.7494286171977805,6.415596066353997,1
770,0.7333230755777702,5.8591256632992845,1
771,0.8257643179169397,8.337627704190002,1
772,0.6689259196109931,7.120257426625047,1
773,0.6035904511237327,6.027530078759931,1
774,0.7350505779429034,6.943198386367416,1
775,0.5929328795611855,8.543545809722454,1
776,0.6493459603171813,9.357137502943536,1
777,0.606295034190481,7.230572732703558,1
778,0.8104207940576892,3.857068342305345,1
779,0.653818934852297,8.295654967996803,1
780,0.7498208789424774,7.3554247905548396,1
781,0.6426926376550361,5.066338882145429,1
782,0.5423299582620085,8.375704424124837,1
783,0.5343882814147706,7.672470989984204,1
784,0.6838802392546344,7.916046031317122,1
785,0.8364261574038503,4.993516257761675,1
786,0.6044189472608912,6.228912440626011,1
787,0.8210451357515143,7.54340034765542,1
788,0.7060450591329412,5.834493177539945,1
789,0.767345090745118,7.8636650543457485,1
790,0.6482164564608202,7.508597620332559,1
791,0.7074335656314471,6.09885251945584,1
792,0.36596113843498523,5.753595200424998,1
793,0.7913528605126984,7.874667240453759,1
794,0.5937946365170559,3.9420183445720522,1
795,0.9216664095423843,8.131794543720108,1
796,0.6081731818855541,7.28979350956091,1
797,0.8497298576266396,7.005014552874087,1
798,0.6050204045655634,6.3533837219413,1
799,0.5862087359564361,6.582510475399437,1
800,0.8759648385424892,7.434291051562512,1
801,0.6602124412144759,7.714598963199671,1
802,0.5151706582259241,6.850277937167039,1
803,0.6759557762227706,8.501187963082808,1
804,1.0572574751861885,7.009510540936149,1
805,0.6033845868684938,7.680133255033226,1
806,0.8256994081486301,6.66297070888224,1
807,0.5264076438163285,7.41923327652751,1
808,0.6083046051376444,8.551554304170136,1
809,0.8007392570966012,9.892468165820773,1
810,0.8409883206208881,6.633609703890818,1
811,0.7882630734581746,7.356843478652492,1
812,0.5912030115334352,7.941258256632231,1
813,0.8137947149547495,6.35788326887343,1
814,0.6478494075627952,6.790644003456542,1
815,0.7469043080622444,5.91995604396768,1
816,0.5541879025773658,10.15690878703552,1
817,0.8524477343333894,7.295902016399213,1
818,0.7436585537460149,7.14946230927059,1
819,0.7482418327754741,5.769312106273763,1
820,0.8053416422909988,6.998813164826967,1
821,0.9781620476269541,8.930117853186912,1
822,0.7242929172426347,8.075242938390431,1
823,0.6496648783681029,7.533804059457957,1
824,0.6551837511472727,7.736206393301564,1
825,0.8405709252866392,7.498411351224756,1
826,0.8290490015443579,5.848178237281545,1
827,0.6681263137036054,9.110662280218266,1
828,2.7678135437883817,7.82556582213709,2
829,1.1811433088000407,5.098441390212429,2
830,2.2588436003693895,6.923603287398065,2
831,1.3056269951473987,5.51000819274882,2
832,1.9049009906854866,6.317652768310548,2
833,2.047202578693864,6.4007063010469425,2
834,1.0810986378416925,4.818505135781733,2
835,1.0081750668336986,5.276443624309242,2
836,1.3679769862316655,5.310448018827411,2
837,1.5752773637648565,5.822092506023097,2
838,2.1049019088101364,6.906989435725373,2
839,2.1099458290581254,7.193429119721262,2
840,1.9278621821978355,6.542189750656172,2
841,1.6600380097101375,5.902454586541051,2
842,1.5553470734510926,5.640775760829254,2
843,1.5472623837577788,5.346259697239283,2
844,1.432939441474803,6.190869743215179,2
845,2.2826163071945,6.911744034423538,2
846,1.4992137121600264,5.747777105582117,2
847,1.5294846042596761,5.902789186530393,2
848,1.320538185139943,5.71814525000589,2
849,1.6018552151093222,5.801230720122035,2
850,1.1973163727224374,5.745462179284573,2
851,1.9399477383763717,6.186931607767883,2
852,1.2780469082826924,5.245159272282199,2
853,2.594036497208115,7.97352738817633,2
854,1.9983720982887563,6.578076455467273,2
855,1.577977043463737,5.895981197751701,2
856,1.4958932734923847,5.544206245346668,2
857,1.5587682652312198,5.716202407275634,2
858,1.3412750683569814,5.597533772096284,2
859,2.016221059641602,6.9885936699709585,2
860,1.877509277539121,6.644532428471236,2
861,1.3402741819475659,5.988286384208585,2
862,1.8957197142621882,6.306406436537892,2
863,1.799509514713032,6.144467868318482,2
864,1.6151766398777299,5.384236207423775,2
865,2.3587310763245153,6.926347019923072,2
866,1.1003439330753446,5.506545112721194,2
867,1.8188966003829357,6.223220895531476,2
868,1.5625390355699,6.179485559485312,2
869,2.126925522226486,6.919842155082286,2
870,1.2524272832913588,5.397620396947865,2
871,1.53150563269698,6.070837018343091,2
872,2.8508870744574843,8.390962761662493,2
873,2.2853335576800564,6.546595440821498,2
874,1.339428101022423,5.837593856970018,2
875,1.6822294572408745,6.3322712592429315,2
876,0.8617419028829096,4.941159898529665,2
877,0.9267513801997422,4.876694886527785,2
878,1.9327715474615625,5.972306288100568,2
879,1.9722742507485473,6.288468747280469,2
880,0.8163362493682176,4.379114570293947,2
881,1.6213869411812505,6.09162732402601,2
882,1.5023247690588932,6.24004167055631,2
883,1.9984421572619153,6.669751051278406,2
884,2.2554806127768345,6.655685629712221,2
885,2.024872621092114,6.64393680368332,2
886,2.03275473682529,6.448002877198384,2
887,2.381501830697956,7.284322067844634,2
888,2.3112300294235935,7.425924618011811,2
889,1.910212527316758,5.977227281975912,2
890,1.9878434298092746,6.346316395647502,2
891,1.4285948899379535,5.990743625258732,2
892,2.5615692572408006,7.678741354464869,2
893,1.7301887632254365,6.329990884539872,2
894,1.7574224051381035,5.923062007278004,2
895,1.9980995253511566,6.3510737131280095,2
896,1.2726489939927434,5.280733777027789,2
897,0.919770597909282,4.6061309698594455,2
898,2.2665699463576052,6.613872462345263,2
899,2.758872195691015,7.495688786818298,2
900,1.5636780160673585,5.971879828513318,2
901,2.3267580632650384,7.497788479106763,2
902,1.9433258082299425,6.553143825615703,2
903,0.9181298544844431,4.910527003268811,2
904,1.9886471093399105,6.303154704107689,2
905,2.7960360422998,7.841670860177908,2
906,1.9762723604118042,6.249603411249551,2
907,1.797599249690723,6.262969558763492,2
908,1.9368695075005813,6.285467442974649,2
909,1.6161104583381352,6.046763821418475,2
910,2.0407550372708205,7.137992829878288,2
911,1.7910109004846284,6.232243952728962,2
912,1.4062882946491442,5.5942801822484025,2
913,1.2910030420474936,5.399793098857841,2
914,1.9714383918088725,6.67372433243786,2
915,2.2398523696055452,7.085628049332673,2
916,1.7927844398027988,6.162633437236889,2
917,2.0604609189781176,6.117030917843944,2
918,1.9795584205900447,6.602387697250332,2
919,1.8181160737733961,5.946047693016956,2
920,1.3086315086002895,5.061906435417832,2
921,1.2649217320744426,5.396848471507959,2
922,1.7957391702740293,6.804851269825788,2
923,2.1525845969624235,7.185550888090116,2
924,1.399195845176369,5.291069130788799,2
925,1.1696649049688363,5.004417216012438,2
926,1.5876546821895008,5.93617708346842,2
927,1.6999973026700876,6.319302081965369,2
928,1.6358480164461058,5.379761966142671,2
929,1.398948509812274,4.972169249106195,2
930,1.1427935807109004,5.397064114333996,2
931,2.2866028807107757,7.004767363801669,2
932,2.266693638199272,7.031083933908758,2
933,1.7808143811164603,6.457773796326199,2
934,0.9840301938494218,5.1917513696817315,2
935,2.026210160312048,6.591113146294745,2
936,2.6011590079117344,7.455814653104153,2
937,1.106741079797541,5.487787490214045,2
938,2.374327649807054,7.107609927411123,2
939,1.7239478663696715,6.192935530085039,2
940,2.0499606286609824,6.838064665460995,2
941,1.9609969544970962,6.5338394803591315,2
942,1.5082791878720891,5.7088378606601,2
943,1.9573075153773252,6.496510672598057,2
944,1.838925310687761,6.195423480297064,2
945,1.6486877565524256,6.477979232799516,2
946,1.5425254540185283,5.6748254973905965,2
947,1.4876988324041123,5.561792624255046,2
948,1.1828574472249906,5.227607912375568,2
949,1.7370365538350203,6.2707758449494495,2
950,2.5947775205515655,7.3410652538673515,2
951,2.25735609581111,7.128823713709492,2
952,0.6851721156658652,4.9109877239241815,2
953,1.4011521733316736,5.6707678804693185,2
954,2.617549939798975,7.57042750586232,2
955,2.181206186842959,6.743707179634093,2
956,1.8878727330735812,6.25257332673002,2
957,2.5221705020983753,7.8095512288873685,2
958,2.1909282569428727,7.037705645259866,2
959,0.9592886085324612,4.403033228163607,2
960,2.904558312598323,8.180105610477337,2
961,1.000503975048979,5.402661956385861,2
962,2.225376145733114,7.183647448444916,2
963,1.9695704574212711,6.520214875459259,2
964,0.7864631395826496,3.8981663929314263,2
965,1.5751137430705962,5.979715313701541,2
966,1.2579996736902754,5.27843678069643,2
967,1.6670127110353632,5.872650044272181,2
968,1.6776465228319826,5.907742928081483,2
969,1.5257697900480158,5.62024326610662,2
970,1.5877049511765033,5.843296804774761,2
971,1.260380284084439,5.234852074326651,2
972,2.3619046248351663,7.680147163552208,2
973,2.237662777592602,6.836856809440054,2
974,1.8274815290832753,6.734464000422159,2
975,2.2689515349638096,8.111623656870469,2
976,1.2542249613269336,5.311716126586212,2
977,1.7357849511639536,6.216413271959001,2
978,1.433257750570469,5.77610123049484,2
979,1.4929577574722184,5.707388762040232,2
980,1.8574976038999222,6.299770152775942,2
981,1.683183532404397,6.392101462599425,2
982,1.8847031276080195,5.454290654849428,2
983,1.4345477520835366,5.633842430917714,2
984,1.810700888701367,6.137629513971977,2
985,1.1265659973897397,5.309725631318269,2
986,2.036056506072845,6.807060171733062,2
987,2.3645925864888184,6.837005529237302,2
988,1.9102090512067325,6.722051061136442,2
989,1.2605453292710282,5.416384192558159,2
990,1.3606957681325644,5.60136701511237,2
991,1.9747542252693409,6.702424350340871,2
992,1.2953792038516039,5.5578190981726365,2
993,1.1302377088006792,5.239667419001883,2
994,1.4508016212460597,5.944759120640501,2
995,1.880657928881249,6.107755493167202,2
996,1.9224126817538685,6.22844015786684,2
997,2.067327979221152,6.687425409628145,2
998,2.1410693321114165,6.770424041001792,2
999,2.5564549037083304,7.700894921578576,2
